,Name,python,mysql,Previous Geekions,CodeKata Score,Department,Rising,python_en,computational_thinking
4,Sathammai.S,100.0,8.0,8980,8980,Computer Science and Engineering,0,,
5,NIVEESHWAR S,100.0,0.0,8200,8200,Computer Science and Engineering,0,,
6,KALAIARASAN K,85.0,47.0,7750,7880,Electronics and Communication Engineering,130,,
7,MOHAMED ZUBAIR AHMED,82.0,4.0,7020,7020,Computer Science and Engineering,0,,
4,VIINU V P,-1.0,24.0,9150,9150,Electronics and Electrical Engineering,0,100.0,-1.0
5, Poojitha Y,0.0,35.0,7210,8970,Computer Science and Engineering,1760,78.0,0.0
6,Gowtham Chandrasekaran,-1.0,0.0,7250,8950,Computer Science and Engineering,1700,0.0,3.0
7,Gowtham R,-1.0,4.0,8650,8650,Electronics and Communication Engineering,0,60.0,6.0
8,shifak N,58.0,0.0,5180,8320,Electronics and Electrical Engineering,3140,0.0,0.0
9,Balaji ,-1.0,20.0,6170,8160,Electronics and Electrical Engineering,1990,100.0,0.0
10,Rushitha,-1.0,62.0,7470,8090,Computer Science and Engineering,620,15.0,9.0
11,Balaraman Muthupandi,-1.0,0.0,7670,8050,Computer Science and Engineering,380,9.0,0.0
12,JPradhap,100.0,0.0,7340,8030,Electronics and Electrical Engineering,690,0.0,0.0
13,SRIRAMKUMAR B,-1.0,0.0,6400,7940,Computer Science and Engineering,1540,0.0,0.0
14,Praneetha,-1.0,100.0,7170,7730,Electronics and Communication Engineering,560,23.0,-1.0
15,Rahul Raj K,-1.0,0.0,6280,7640,Computer Science and Engineering,1360,0.0,0.0
16,Guhan S,-1.0,35.0,7310,7630,Electronics and Communication Engineering,320,72.0,39.0
17,Suryarajan S,-1.0,31.0,6710,7550,Computer Science and Engineering,840,63.0,0.0
